RMMTool,URL
teamviewer,https://www.teamviewer.com/
anydesk,https://anydesk.com/
gotomypc,https://get.gotomypc.com/
screenconnect,https://screenconnect.connectwise.com/
simplehelp,https://simple-help.com/
netsupport,https://www.netsupportsoftware.com/
atera,https://www.atera.com/
gotohttp,https://gotohttp.com/
splashtop,https://www.splashtop.com/
ammyy,https://www.ammyy.com/
idrive,https://www.remotepc.com/
remote utilities,https://www.remoteutilities.com/
glavsoft,https://glavsoft.com/
asbolute computrace,https://https://www.absolute.com/
access remotepc,https://www.remotedesktop.com/
remotix,https://www.acronis.com
action1,https://www.action1.com/
addigy,https://addigy.com
adobe connect, https://adobeconnect.com
aero admin,https://aeroadmin.com
aliwangwang,https://angwang.taobao.com
alpemix,https://www.alpemix.com
ammyy admin,https://www.ammyy.com
any supprt,https://anysupport.net
anyplace control, https://anyplace-control.com
anyviewer,https://www.anyviewer.com/
aspia,https://aspia.org/
auvik,https://auvik.com
aweray,https://aweray.com
barracuda,https://barracudamsp.com
basecamp,https://basecamp.com
beamyourscreen,https://beamyourscreen.com
beyond trust,https://beyondtrust.com
bomgar,https://bomgarcloud.com
Bitvice SSH Client,https://bitvise.com
Bluetrait,https://bluetrait.io
CentraStage (Now Datto),https://datto.com
CentraStage (Now Datto),https://centrastage.net
Centurion,https://centuriontech.com
Chicken(of the VNC),https://soureforge.net
Chrome Remote Desktop,https://remotedesktop.google.com
Chrome Remote Desktop,https://chromoting-oauth.talkgadget.google.com
Chrome Remote Desktop,https://chromoting-client.talkgadget.google.com
Chrome SSH Extension,https://chrome.google.com/webstore/detail/secure-shell/iodihamcpbpeioajjeobimgagajmlibd
Comodo Rmm,https://comodo.com
ConnectWise Control,https://control.connectwise.com
Crossloop,https://crossloop.com
Crossloop,https://crossloop.en.softonic.com
Crosstec Remote Control,https://crosstecsoftware.com
CruzControl,https://doradosoftware.com
DameWare,https://dameware.com
Deskday,https://deskday.ai
Deskday,https://app.deskday.ai
Desknets,https://desknets.com
Deskshare,https://deskshare.com
Desktopnow,https://nchuser.com
Dev Tunnels;https://learn.microsoft.com/en-us/azure/developer/dev-tunnels/overview
Devolutions,https://devolutions.net/remote-desktop-manager/
Distant Desktop,https://distantdesktop.com
Distant Desktop,https://signalserver.xyz
Domotz,https://domotz.co
Domotz,https://domotz.com
Domotz,https://cell-1.domotz.com
Duplicati,https://duplicati.com
Duplicati,https://localhost:8200
Dw service,https://dwservice.net
Echoware,https://echoware.net
Ehorus,https://ehorus.com
Electric AI,https://electric.ai
Emco Remote Console,https://emcosoftware.com
Encapto,https://encapto.com
Ericom AccessNow,https://ericom.com
Ericom Connect,https://ericom.com
Eset Remote Administrator,https://eset.com/me/business/remote-management/remote-administrator
EZHelp,https://ezhelp.co.kr
Fastviewer,https://fastviewer.com
Fortra,https://fortra.com
FreeRDP,https://freerdp.com
Gatherplace Desktop Sharing,https://gatherplace.net
Gatherplace Desktop Sharing,https://gatherplace.com
Getscreen,https://getscreen.me
GoTo Opener,https://goto.com
GoTo Assist,https://goto.com
GoTo Assist,https://fastsupport.com
GoTo Assist,https://getgo.com
GoTo Assist,https://desktopstreaming.com
GoTo http,https://gotohttp.com
GoTo MyPC,https://gotomypc.com
Goverlan,https://goverlan.com
Guacamole,https://guacamole.apache.org
HelpBeam,https://helpbeam.software.informer.com
HelpU,https://helpu.co.kr
HopToDesk,https://hoptodesk.com
I'm InTouch,https://01com.com
I'm InTouch,https://01com.com/imintouch-remote-pc-desktop
Impero Connect,https://imperosoftware.com
Instant Housecall,https://instanthousecall.com
Instant Housecall,https://secureinstanthousecall.com
Insync,https://insynchq.com
IntelliAdmin RemoteControl,https://intelliadmin.com
IntelliAdmin RemoteControl,https://intelliadmin.com/remote-control
Iperius Remote,https://iperiusremote.com
Iperius Remote,https://iperius.com
Iperius Remote,https://iperius-rs.com
ISL Light,https://islonline.com
ISL Online,https://islonline.com
ISL Online,https://islonline.net
Itarian,https://mdmsupport.comodo.com
Itarian,https://remoteaccess.itarian.com
Itarian,https://servicedesk.itarian.com
ITSupport247,https://itsupport247.net
Ivanti Remote Control,https://ivanticloud.com
JollysFastVNC,https://jinx.de
JumpCloud,https://jumpcloud.com
JumpDesktop,https://jumpdesktop.com
JumpDesktop,https://jumpto.me
Kabuto,https://kabuto.io
Kabuto,https://repairtechsolutions.com/kabuto
Khelpdesk,https://khelpdesk.com.br
KickIdler,https://kickidler.com
KickIdler,https://my.kickidler.com
NoMachine,https://nomachine.com
